<configs>
	<append xpath="/entity_classes">
		<entity_class name="AshBandit">
			<property name="UseModderUpdate" value="true" />
			<property name="Class" value="EntityBandit"/>
			<property name="Mesh" value="#@modfolder:Resources/Bandits.unity3d?AshBandit_X" />			
			<property name="Faction" value="bandits"/>
			<property name="Tags" value="entity,bandits"/>
			<property name="IsEnemyEntity" value="true"/>
			<property name="RootMotion" value="false" />
			<property name="HasRagdoll" value="false" />
			<property name="AvatarController" value="MecanimSDX, Mods" />
			<property name="ModelType" value="Standard"/>
			<property name="EntityType" value="Player"/>
			<property name="PhysicsBody" value="zombieStandard"/>
			<property name="Parent" value="Enemies"/>
			<property name="Mass" value="170"/>
			<property name="Weight" value="70"/>
			<property name="Prefab" value="NPC"/>
			<property name="HandItem" value="handAshShotgun"/> 
			<property name="RightHandJointName" value="Muzzle" />
			<property name="SwimOffset" value="-2"/>
			<property name="MoveSpeed" value="0.25"/> 
			<property name="MoveSpeedAggro" value=".8, 1.1"/> 
			<property name="MoveSpeedPanic" value="1.1"/>
			<property name="AttackTimeoutDay" value="1.0"/> 
			<property name="AttackTimeoutNight" value="1.0"/>
			<property name="PainResistPerHit" value=".85"/>
			<property name="MaxViewAngle" value="220"/>
			<property name="MaxTurnSpeed" value="360"/>
			<property name="AttackTimeoutDay" value="1.0"/> 
			<property name="AttackTimeoutNight" value="1.0"/>
			<property name="CanClimbLadders" value="true"/>
			<property name="CanClimbVertical" value="false"/>
			<property name="SightRange" value="40"/> 			
			<property name="AITask-1" value="Swim"/>
			<property name="AITask-2" value="RangedAttackTarget" param1="1,1,4"/>
			<property name="AITask-3" value="ApproachAndAttackTarget" param1="EntityZombie,0,EntityEnemyAnimal,0,EntityPlayer,0"/>
			<property name="AITask-4" value="ApproachSpot"/>  
			<property name="AITask-5" value="Look"/> 
			<property name="AITask-6" value="Wander"/>
			<property name="AITask-7" value="BreakBlock"/> 
			<property name="AITask-8" value="Leap"/> 
			<property name="AITask-9" value=""/>	
			<property name="AITarget-1" value="SetAsTargetIfHurt" /> 
			<property name="AITarget-2" value="BlockingTargetTask"/> 
			<property name="AITarget-3" value="SetNearestEntityAsTarget" param1="EntityZombie,0,EntityEnemyAnimal,0,EntityPlayer,0,EntityNPC,0"/> 
			<property name="AITarget-4" value=""/> 
			<property name="AttackIndexes" value="2" /> 
			<property name="SpecialAttackIndexes" value="0" />
			<property name="PainIndexes" value="0" /> 
			<property name="DeathIndexes" value="0" /> 
			<property name="RunIndexes" value="0" /> 
			<property name="RandomIndexes" value="0" /> 
			<property name="WalkIndexes" value="0" /> 
			<property name="IdleIndexes" value="0" />  
			<property name="AttackIdleIndexes" value="0" /> 			
			<property name="SoundHurt" value="Player_Male/player1painlg"/>
			<property name="SoundAttack" value="Sounds/Weapons/Motorized/Chainsaw/chainsaw_fire_lp" /> 
			<property name="SoundHurtSmall" value="Player_Male/player1painsm"/>
			<property name="SoundDeath" value="Player_Male/player1death"/>
			<property name="SoundStamina" value="Player_Male/player1stamina"/>
			<property name="SoundDrownPain" value="Player_Male/player1drownpain"/>
			<property name="SoundWaterSurface" value="Player_Male/player1drownsurface"/>
			<property name="SoundDrownDeath" value="Player_Male/player1drowndeath"/>
			<property name="SoundJump" value="Player_Male/player1Jump"/>
			<property name="SoundLandSoft" value="Player_Male/player1LandSoft"/>
			<property name="SoundLandHard" value="Player_Male/player1LandHard"/>
			<property name="SoundPlayerLandThump" value="PlayerLandThump"/>
			<property name="SoundRandomTime" value="200.0"/>
			<property name="SoundRandom" value="malehateroam"/>
			<property name="SoundAlert" value="malehatealert"/>
			<property name="SoundSense" value="malehatesense"/>
			<property name="SoundHurt" value="malehatepain"/>
			<property name="SoundDeath" value="malehatedeath"/>
			<property name="SoundAttack" value="malehateattack"/>			
			<property name="JumpMaxDistance" value="3.0"/>
			<effect_group name="Base Effects">
				<passive_effect name="HealthMax" operation="base_set" value="500"/>
				<passive_effect name="HealthMax" operation="perc_set" value="1"/>
				<passive_effect name="StaminaMax" operation="base_set" value="100"/>
				<passive_effect name="PhysicalDamageResist" operation="base_set" value="10" /> 
				<passive_effect name="DistractionResistance" operation="base_set" value="0,0"/>
			</effect_group>
			<property name="SightLightThreshold" value="-2,150"/> <!-- how well lit you have to be for the zombie to see you at min,max range -->
			<property name="SleeperWakeupSightDetectionMin" value="-40,5"/> <!-- Indiv.Random. sight capability - "I see you" light value at point blank -->
			<property name="SleeperWakeupSightDetectionMax" value="340,480"/> <!-- Indiv.Random. "I see you" light value at "SightRange" -->
			<property name="SleeperSenseSightDetectionMin" value="-10,0"/> <!-- same for groaning, not waking -->
			<property name="SleeperSenseSightDetectionMax" value="200,300"/>
			<property name="SleeperNoiseSenseThreshold" value="3,8"/> <!-- Indiv.Random. hearing capability - "I hear something" noise value -->
			<property name="SleeperNoiseWakeThreshold" value="9,12"/>
			<property name="SleeperSmellSenseThreshold" value="20,50"/> <!-- Indiv.Random. smell capability - "I smell something" player smell value -->
			<property name="SoundSleeperSenseChance" value=".5"/> <!-- the chance to play "SoundSleeperSense" when "SleeperSmellSenseThreshold" is triggered -->
			<property name="SleeperSmellWakeThreshold" value="40,100"/>
			<property name="NoiseAlertThreshold" value="30"/> <!-- DEPRECATED; an awake zombie triggers instantly if touched by the sound range/volume -->
			<property name="SmellAlertThreshold" value="40"/> <!-- for awake zombies -->	
			<property name="DismemberMultiplierHead" value="1"/>
			<property name="DismemberMultiplierArms" value="1"/>
			<property name="DismemberMultiplierLegs" value="1"/>
			<property name="LegCrawlerThreshold" value="0"/> <!-- at like .175 nearly every zombie knocked down from a leg hit turns into a crawler -->
			<property name="LegCrippleThreshold" value="0.01"/>
			<property name="KnockdownProneDamageThreshold" value="0.5"/>
			<property name="KnockdownProneStunDuration" value="0.5,1.8"/>
			<property name="KnockdownProneRefillRate" value="0.045,0.045"/>
			<property name="KnockdownKneelDamageThreshold" value="0.4"/>
			<property name="KnockdownKneelStunDuration" value="0.5,1.8"/>
			<property name="KnockdownKneelRefillRate" value="0.045,0.045"/>
			<property name="LegsExplosionDamageMultiplier" value="1"/>
			<property name="ArmsExplosionDamageMultiplier" value="1"/>
			<property name="HeadExplosionDamageMultiplier" value="1"/>
			<property name="ChestExplosionDamageMultiplier" value="1"/>
			<property name="HasDeathAnim" value="true"/>
			<property name="ParticleOnDeath" value="blood_death"/>
			<property name="SurfaceCategory" value="organic"/> 
			<property name="WalkType" value="7"/>
			<property name="ExperienceGain" value="1550"/> 
			<property name="DeadBodyHitPoints" value="1000"/>
			<property name="TimeStayAfterDeath" value="5"/>
			<property name="LootDropProb" value=".5"/> 
			<property name="LootDropEntityClass" value="EntityLootContainerBandit"/>
			<property name="MapIcon" value="ui_game_symbol_bullet_point"/>				
		</entity_class> 
		<entity_class name="BanditEve" extends="AshBandit" >
			<property name="UseModderUpdate" value="true" />
			<property name="Mesh" value="#@modfolder:Resources/Bandits.unity3d?BanditEve_X" />
			<property name="Faction" value="bandits"/>
			<property name="Tags" value="entity,bandit"/>
			<property name="IsEnemyEntity" value="true"/>			
			<property name="Class" value="EntityBandit"/>
			<property name="HandItem" value="handBanditMP7"/> 
			<property name="MoveSpeed" value="0.25"/> 
			<property name="MoveSpeedAggro" value=".8, .8"/> 
			<property name="MoveSpeedPanic" value=".8"/>
			<property name="AttackTimeoutDay" value="1.0"/> 
			<property name="AttackTimeoutNight" value="1.0"/>
			<property name="AITask-1" value="Swim"/>
			<property name="AITask-2" value="RangedAttackTarget" param1="1,1,4"/>
			<property name="AITask-3" value="ApproachAndAttackTarget" param1="EntityZombie,0,EntityEnemyAnimal,0,EntityPlayer,0"/>
			<property name="AITask-4" value="ApproachSpot"/>  
			<property name="AITask-5" value="Look"/> 
			<property name="AITask-6" value="Wander"/>
			<property name="AITask-7" value="BreakBlock"/> 
			<property name="AITask-8" value="Leap"/> 
			<property name="AITask-9" value=""/>	
			<property name="AITarget-1" value="SetAsTargetIfHurt" /> 
			<property name="AITarget-2" value="BlockingTargetTask"/> 
			<property name="AITarget-3" value="SetNearestEntityAsTarget" param1="EntityZombie,0,EntityEnemyAnimal,0,EntityPlayer,0,EntityNPC,0"/> 
			<property name="AITarget-4" value=""/> 
			<effect_group name="Base Effects">
				<passive_effect name="HealthMax" operation="base_set" value="200"/>
				<passive_effect name="HealthMax" operation="perc_set" value="1"/>
				<passive_effect name="StaminaMax" operation="base_set" value="100"/>
				<passive_effect name="PhysicalDamageResist" operation="base_set" value="10" /> 
			</effect_group>
			<property name="AttackIndexes" value="0" /> 
			<property name="SpecialAttackIndexes" value="0" />
			<property name="PainIndexes" value="0" /> 
			<property name="DeathIndexes" value="0" /> 
			<property name="RunIndexes" value="0" /> 
			<property name="RandomIndexes" value="0" /> 
			<property name="WalkIndexes" value="0" /> 
			<property name="IdleIndexes" value="0" />  
			<property name="AttackIdleIndexes" value="0" /> 			
			<property name="SoundHurt" value="Player_Female/player2painlg"/>
			<property name="SoundHurtSmall" value="Player_Female/player2painsm"/>
			<property name="SoundDeath" value="Player_Female/player2death"/>
			<property name="SoundStamina" value="Player_Female/player2stamina"/>
			<property name="SoundDrownPain" value="Player_Female/player2drownpain"/>
			<property name="SoundWaterSurface" value="Player_Female/player2drownsurface"/>
			<property name="SoundDrownDeath" value="Player_Female/player2drowndeath"/>
			<property name="SoundJump" value="Player_Male/player2Jump"/>
			<property name="SoundLandSoft" value="Player_Male/player2LandSoft"/>
			<property name="SoundLandHard" value="Player_Male/player2LandHard"/>
			<property name="SoundPlayerLandThump" value="PlayerLandThump"/>
			<property name="SoundRandomTime" value="200.0"/>
			<property name="SoundRandom" value=""/>
			<property name="SoundAlert" value=""/>
			<property name="SoundSense" value=""/>
			<property name="SoundHurt" value=""/>
			<property name="SoundDeath" value=""/>
			<property name="SoundAttack" value=""/>			
		</entity_class> 
		<entity_class name="BanditArcher" extends="AshBandit" >
			<property name="UseModderUpdate" value="true" />
			<property name="Class" value="EntityBandit"/>
			<property name="Mesh" value="#@modfolder:Resources/Bandits.unity3d?BanditArcher_X" />
			<property name="Faction" value="bandits"/>
			<property name="Tags" value="entity,bandit"/>
			<property name="IsEnemyEntity" value="true"/>			
			<property name="HandItem" value="handBanditBow"/> 
			<property name="MoveSpeed" value="0.25"/> 
			<property name="MoveSpeedAggro" value=".8, .8"/> 
			<property name="MoveSpeedPanic" value=".8"/>
			<property name="AttackTimeoutDay" value="1.0"/> 
			<property name="AttackTimeoutNight" value="1.0"/>
			<property name="AITask-1" value="Swim"/>
			<property name="AITask-2" value="RangedAttackTarget" param1="1,1,4"/>
			<property name="AITask-3" value="ApproachAndAttackTarget" param1="EntityZombie,0,EntityEnemyAnimal,0,EntityPlayer,0"/>
			<property name="AITask-4" value="ApproachSpot"/>  
			<property name="AITask-5" value="Look"/> 
			<property name="AITask-6" value="Wander"/>
			<property name="AITask-7" value="BreakBlock"/> 
			<property name="AITask-8" value="Leap"/> 
			<property name="AITask-9" value=""/>	
			<property name="AITarget-1" value="SetAsTargetIfHurt" /> 
			<property name="AITarget-2" value="BlockingTargetTask"/> 
			<property name="AITarget-3" value="SetNearestEntityAsTarget" param1="EntityZombie,0,EntityEnemyAnimal,0,EntityPlayer,0,EntityNPC,0"/> 
			<property name="AITarget-4" value=""/> 
			<effect_group name="Base Effects">
				<passive_effect name="HealthMax" operation="base_set" value="300"/>
				<passive_effect name="HealthMax" operation="perc_set" value="1"/>
				<passive_effect name="StaminaMax" operation="base_set" value="200"/>
				<passive_effect name="PhysicalDamageResist" operation="base_set" value="10" /> 
			</effect_group>
			<property name="AttackIndexes" value="2" /> 
			<property name="SpecialAttackIndexes" value="0" />
			<property name="PainIndexes" value="0" /> 
			<property name="DeathIndexes" value="0" /> 
			<property name="RunIndexes" value="0" /> 
			<property name="RandomIndexes" value="0" /> 
			<property name="WalkIndexes" value="0" /> 
			<property name="IdleIndexes" value="0" />  
			<property name="AttackIdleIndexes" value="0" /> 			
			<property name="SoundHurt" value="Player_Female/player2painlg"/>
			<property name="SoundHurtSmall" value="Player_Female/player2painsm"/>
			<property name="SoundDeath" value="Player_Female/player2death"/>
			<property name="SoundStamina" value="Player_Female/player2stamina"/>
			<property name="SoundDrownPain" value="Player_Female/player2drownpain"/>
			<property name="SoundWaterSurface" value="Player_Female/player2drownsurface"/>
			<property name="SoundDrownDeath" value="Player_Female/player2drowndeath"/>
			<property name="SoundJump" value="Player_Male/player2Jump"/>
			<property name="SoundLandSoft" value="Player_Male/player2LandSoft"/>
			<property name="SoundLandHard" value="Player_Male/player2LandHard"/>
			<property name="SoundPlayerLandThump" value="PlayerLandThump"/>
			<property name="SoundRandomTime" value="200.0"/>
			<property name="SoundRandom" value=""/>
			<property name="SoundAlert" value=""/>
			<property name="SoundSense" value=""/>
			<property name="SoundHurt" value=""/>
			<property name="SoundDeath" value=""/>
			<property name="SoundAttack" value=""/>						
			<property name="TimeStayAfterDeath" value="5"/>
			<property name="LootDropProb" value="1.0"/> 
			<property name="LootDropEntityClass" value="EntityLootContainerBandit"/>
			<property name="ParticleOnDeath" value="blood_death"/>
		</entity_class> 		
		<entity_class name="BanditBoss" extends="AshBandit" >
			<property name="UseModderUpdate" value="true" />
			<property name="Class" value="EntityBandit"/>
			<property name="Mesh" value="#@modfolder:Resources/Bandits.unity3d?BanditBoss_X" />	
			<property name="Faction" value="bandits"/>
			<property name="Tags" value="entity,bandit"/>
			<property name="IsEnemyEntity" value="true"/>			
			<property name="HandItem" value="handBanditRifle"/> 
			<property name="MoveSpeed" value="0.25"/> 
			<property name="MoveSpeedAggro" value=".8, .8"/> 
			<property name="MoveSpeedPanic" value=".8"/>
			<property name="AttackTimeoutDay" value="1.0"/> 
			<property name="AttackTimeoutNight" value="1.0"/>
			<property name="AITask-1" value="Swim"/>
			<property name="AITask-2" value="RangedAttackTarget" param1="1,1,4"/>
			<property name="AITask-3" value="ApproachAndAttackTarget" param1="EntityZombie,0,EntityEnemyAnimal,0,EntityPlayer,0"/>
			<property name="AITask-4" value="ApproachSpot"/>  
			<property name="AITask-5" value="Look"/> 
			<property name="AITask-6" value="Wander"/>
			<property name="AITask-7" value="BreakBlock"/> 
			<property name="AITask-8" value="Leap"/> 
			<property name="AITask-9" value=""/>	
			<property name="AITarget-1" value="SetAsTargetIfHurt" /> 
			<property name="AITarget-2" value="BlockingTargetTask"/> 
			<property name="AITarget-3" value="SetNearestEntityAsTarget" param1="EntityZombie,0,EntityEnemyAnimal,0,EntityPlayer,0,EntityNPC,0"/> 
			<property name="AITarget-4" value=""/> 
			<effect_group name="Base Effects">
				<passive_effect name="HealthMax" operation="base_set" value="800"/>
				<passive_effect name="HealthMax" operation="perc_set" value="1"/>
				<passive_effect name="StaminaMax" operation="base_set" value="300"/>
				<passive_effect name="PhysicalDamageResist" operation="base_set" value="20" /> 
				<triggered_effect trigger="onSelfFirstSpawn" action="ModifyCVar" target="self" cvar="EntityBoss" operation="set" value="1"/>
			</effect_group>
			<property name="AttackIndexes" value="0" /> 
			<property name="SpecialAttackIndexes" value="0" />
			<property name="PainIndexes" value="0" /> 
			<property name="DeathIndexes" value="0" /> 
			<property name="RunIndexes" value="0" /> 
			<property name="RandomIndexes" value="0" /> 
			<property name="WalkIndexes" value="0" /> 
			<property name="IdleIndexes" value="0" />  
			<property name="AttackIdleIndexes" value="0" /> 
			<property name="TimeStayAfterDeath" value="5"/>
			<property name="LootDropProb" value="1.0"/> 
			<property name="LootDropEntityClass" value="EntityLootContainerBanditBoss"/>
			<property name="ParticleOnDeath" value="blood_death"/>
		</entity_class> 
		<entity_class name="EntityLootContainerBanditBoss"> 
			<property name="Mesh" value="LootContainers/zpackPrefab"/>
			<property name="ModelType" value="Custom"/>
			<property name="Prefab" value="Backpack"/> 
			<property name="Class" value="EntityLootContainer"/>
			<property name="Parent" value="Backpack"/>
			<property name="IsEnemyEntity" value="false"/>
			<property name="TimeStayAfterDeath" value="300"/>
			<property name="LootListOnDeath" value="95"/> 
			<property name="Faction" value="none"/>
		</entity_class>		
	</append>
</configs>