<configs>
 	<append xpath="/items">
		<item name="handAshShotgun">
			<property name="Extends" value="meleeHandZombie01"/>
			<property name="CreativeMode" value="None"/>
			<property class="Action0">
				<property name="DamageEntity" value="50"/>
				<property name="DamageBlock" value="15"/>
				<property name="Range" value="2.2"/>
				<property name="Sphere" value=".5"/>
				<property name="Sound_start" value="chainsaw_fire_rev"/>
				<property name="Buff" value="criticalBlunt,injuryStunned,injurySprainedLeg" />
				<property name="Buff_chance" value="0.3,0.1,0.1" /> 
				<property name="DamageBonus.head" value="5" />
			</property>
			<property class="Action1"> 
				<property name="Class" value="Vomit"/>
				<property name="Delay" value="0"/> 
				<property name="Range" value="200"/>
				<property name="Infinite_ammo" value="true"/>
				<property name="Magazine_items" value="ammoProjectileBanditSlug"/>
				<property name="Reload_time" value="0"/>
				<property name="Sound_start" value="pump_shotgun_fire"/>
				<property name="Sound_repeat" value=""/>
				<property name="Sound_end" value=""/>
				<property name="Sound_empty" value=""/>
				<property name="Sound_reload" value=""/>
				<property name="Particles_muzzle_fire" value="nozzleflash_shotgun"/>
				<property name="Particles_muzzle_smoke" value="nozzlesmokeuzi"/>
			</property>
			<effect_group name="Base Effects">
				<passive_effect name="ModSlots" operation="base_set" value="0"/>
				<passive_effect name="DamageFalloffRange" operation="base_set" value="150"/>
				<passive_effect name="MaxRange" operation="base_set" value="200"/>
				<passive_effect name="MagazineSize" operation="base_set" value="1"/>
				<passive_effect name="SpreadDegreesVertical" operation="base_set" value="1"/>
				<passive_effect name="SpreadDegreesHorizontal" operation="base_set" value="2"/>
			</effect_group>
		</item>			
		<item name="handBanditBow">
			<property name="Extends" value="meleeHandZombie01"/>
			<property name="CreativeMode" value="None"/>
			<property class="Action0">
				<property name="DamageEntity" value="10"/>
				<property name="DamageBlock" value="5"/>
				<property name="Range" value="1.5"/>
				<property name="Sphere" value=".5"/>
				<property name="Sound_start" value="swoosh" />
				<property name="Buff" value="criticalBlunt,injuryStunned,injurySprainedLeg" />
				<property name="Buff_chance" value="0.3,0.1,0.1" /> 
				<property name="DamageBonus.head" value="5" />
			</property>
			<property class="Action1"> 
				<property name="Class" value="Vomit"/>
				<property name="Hitmask_override" value="Arrow"/>
				<property name="Delay" value="0"/> 
				<property name="Range" value="200"/>
				<property name="Infinite_ammo" value="true"/>
				<property name="Magazine_items" value="ammoProjectileBanditArrow"/>
				<property name="Reload_time" value="0"/>
				<property name="Sound_draw" value="bow_draw"/>
				<property name="Sound_start" value="bow_fire"/>
				<property name="Sound_repeat" value=""/>
				<property name="Sound_end" value=""/>
				<property name="Sound_empty" value=""/>
				<property name="Sound_reload" value=""/>
				<property name="Buff" value="buffInjuryBleeding"/>
			</property>
			<effect_group name="Base Effects">
				<passive_effect name="ModSlots" operation="base_set" value="0"/>
				<passive_effect name="DamageFalloffRange" operation="base_set" value="150"/>
				<passive_effect name="MaxRange" operation="base_set" value="200"/>
				<passive_effect name="MagazineSize" operation="base_set" value="1"/>
				<passive_effect name="BurstRoundCount" operation="base_set" value="1"/>
				<passive_effect name="SpreadDegreesVertical" operation="base_set" value="0"/>
				<passive_effect name="SpreadDegreesHorizontal" operation="base_set" value="0"/>
				<passive_effect name="SpreadMultiplierIdle" operation="base_set" value="1"/>
				<passive_effect name="BuffProcChance" operation="base_set" value="0.20" tags="buffInjuryBleeding"/>
			</effect_group>
		</item>		
		<item name="handBanditRifle">
			<property name="Extends" value="meleeHandZombie01"/>
			<property name="CreativeMode" value="None"/>
			<property class="Action0">
				<property name="DamageEntity" value="50"/>
				<property name="DamageBlock" value="15"/>
				<property name="Range" value="1.8"/>
				<property name="Sphere" value=".5"/>
				<property name="Sound_start" value="swoosh" />
				<property name="Buff" value="criticalBlunt,injuryStunned,injurySprainedLeg" />
				<property name="Buff_chance" value="0.3,0.1,0.1" /> 
				<property name="DamageBonus.head" value="5" />
			</property>
			<property class="Action1"> 
				<property name="Class" value="Vomit"/>
				<property name="Delay" value="0"/> 
				<property name="Range" value="200"/>
				<property name="Infinite_ammo" value="true"/>
				<property name="Magazine_items" value="ammoProjectileBanditPlasma"/>
				<property name="Reload_time" value="0"/>
				<property name="Sound_start" value="blunderbuss_fire"/>
				<property name="Sound_repeat" value=""/>
				<property name="Sound_end" value=""/>
				<property name="Sound_empty" value=""/>
				<property name="Sound_reload" value=""/>
<!--				<property name="Buff" value="buffShocked"/> -->
			</property>
			<effect_group name="Base Effects">
				<passive_effect name="ModSlots" operation="base_set" value="0"/>
				<passive_effect name="DamageFalloffRange" operation="base_set" value="150"/>
				<passive_effect name="MaxRange" operation="base_set" value="200"/>
				<passive_effect name="MagazineSize" operation="base_set" value="1"/>
				<passive_effect name="SpreadDegreesVertical" operation="base_set" value="1"/>
				<passive_effect name="SpreadDegreesHorizontal" operation="base_set" value="1"/>
			</effect_group>
		</item>
		<item name="handBanditMP7">
			<property name="Extends" value="meleeHandZombie01"/>
			<property name="CreativeMode" value="None"/>
			<property class="Action0">
				<property name="DamageEntity" value="30"/>
				<property name="DamageBlock" value="10"/>
				<property name="Range" value="1.3"/>
				<property name="Sphere" value=".5"/>
				<property name="Sound_start" value="swoosh" />
				<property name="Buff" value="criticalBlunt,injuryStunned,injurySprainedLeg" />
				<property name="Buff_chance" value="0.3,0.1,0.1" /> 
				<property name="DamageBonus.head" value="5" />
			</property>
			<property class="Action1"> 
				<property name="Class" value="Vomit"/>
				<property name="Delay" value="0"/> 
				<property name="Range" value="200"/>
				<property name="Infinite_ammo" value="true"/>
				<property name="Magazine_items" value="ammoProjectileBanditMP7"/>
				<property name="Reload_time" value="0"/>
				<property name="Sound_start" value="mp5_fire"/>
				<property name="Sound_repeat" value=""/>
				<property name="Sound_end" value=""/>
				<property name="Sound_empty" value=""/>
				<property name="Sound_reload" value=""/>
			</property>
			<effect_group name="Base Effects">
				<passive_effect name="ModSlots" operation="base_set" value="0"/>
				<passive_effect name="DamageFalloffRange" operation="base_set" value="150"/>
				<passive_effect name="MaxRange" operation="base_set" value="200"/>
				<passive_effect name="MagazineSize" operation="base_set" value="2,5"/>
				<passive_effect name="SpreadDegreesVertical" operation="base_set" value="1"/>
				<passive_effect name="SpreadDegreesHorizontal" operation="base_set" value="1"/>
			</effect_group>

		</item>		
		<item name="ammoProjectileBanditPlasma">
			<property name="Meshfile" value="#@modfolder:Resources/XythBanditAmmo.unity3d?BanditEnergyAmmoLg_X" />
<!--	<property name="Meshfile" value="#@modfolder:Resources/XythBanditAmmo.unity3d?BanditEnergyAmmoSm_X" /> If you like a smaller particle -->			
			<property name="Material" value="Morganic"/>
			<property name="CreativeMode" value="None"/>
			<property class="Action1">
				<property name="Class" value="Projectile"/>
				<property name="DamageEntity" value="100"/>
				<property name="DamageBlock" value="50"/>
				<property name="Explosion.ParticleIndex" value="7"/>
				<property name="Velocity" value="25"/>
				<property name="FlyTime" value="2"/>
				<property name="LifeTime" value="4"/>
				<property name="CollisionRadius" value="1.0"/>
				<property name="DamageBonus.earth" value="0"/>	
			</property>
			<effect_group name="Base Effects">
				<passive_effect name="ModSlots" operation="base_set" value="0"/>
				<passive_effect name="DamageModifier" operation="perc_set" value="0" tags="earth"/>
				<passive_effect name="DamageModifier" operation="perc_set" value="2" tags="metal"/>
			</effect_group>
 		</item> 
		<item name="ammoProjectileBanditSlug">
			<property name="Meshfile" value="#@modfolder:Resources/XythBanditAmmo.unity3d?BanditSlugAmmo_X" />
			<property name="Material" value="Mbrass"/>
			<property name="CreativeMode" value="None"/>
			<property class="Action1">
				<property name="Class" value="Projectile"/>
				<property name="DamageEntity" value="75"/>
				<property name="DamageBlock" value="30"/>
				<property name="Explosion.ParticleIndex" value="0"/>
				<property name="Velocity" value="30"/>
				<property name="FlyTime" value="2"/>
				<property name="LifeTime" value="4"/>
				<property name="CollisionRadius" value=".5"/>
				<property name="DamageBonus.earth" value="0"/>	
			</property>
			<effect_group name="Base Effects">
				<passive_effect name="ModSlots" operation="base_set" value="0"/>
				<passive_effect name="DamageModifier" operation="perc_set" value="0" tags="earth"/>
				<passive_effect name="DamageModifier" operation="perc_set" value="2" tags="metal"/>
			</effect_group>
 		</item>
		<item name="ammoProjectileBanditMP7">
			<property name="Meshfile" value="#@modfolder:Resources/XythBanditAmmo.unity3d?BanditSlugAmmo_X" />
			<property name="Material" value="Mbrass"/>
			<property name="CreativeMode" value="None"/>
			<property class="Action1">
				<property name="Class" value="Projectile"/>
				<property name="DamageEntity" value="20"/>
				<property name="DamageBlock" value="30"/>
				<property name="Explosion.ParticleIndex" value="0"/>
				<property name="Velocity" value="40"/>
				<property name="FlyTime" value="2"/>
				<property name="LifeTime" value="4"/>
				<property name="CollisionRadius" value=".5"/>
				<property name="DamageBonus.earth" value="0"/>	
			</property>
			<effect_group name="Base Effects">
				<passive_effect name="ModSlots" operation="base_set" value="0"/>
				<passive_effect name="DamageModifier" operation="perc_set" value="0" tags="earth"/>
				<passive_effect name="DamageModifier" operation="perc_set" value="2" tags="metal"/>
			</effect_group>
 		</item>
		<item name="ammoProjectileBanditArrow">
			<property name="Meshfile" value="#@modfolder:Resources/XythBanditAmmo.unity3d?BanditArrow_X" />
			<property name="Material" value="Mwood"/>
			<property name="CreativeMode" value="None"/>
			<property name="IsSticky" value="true"/>
			<property name="StickyOffset" value="0.0"/>
			<property class="Action1">
				<property name="Class" value="Projectile"/>
				<property name="DamageEntity" value="35"/>
				<property name="DamageBlock" value="5"/>
				<property name="Explosion.ParticleIndex" value="0"/>
				<property name="Velocity" value="50"/>
				<property name="FlyTime" value="2"/>
				<property name="LifeTime" value="12"/>  <!-- 4 -->
				<property name="CollisionRadius" value=".5"/>
				<property name="DamageBonus.earth" value="0"/>	
			</property>
			<effect_group name="Base Effects" tiered="false"> 
				<passive_effect name="ModSlots" operation="base_set" value="0"/>
				<passive_effect name="DamageModifier" operation="perc_set" value="0.1" tags="wood"/>
				<passive_effect name="DamageModifier" operation="perc_set" value="0" tags="earth,metal,cloth"/>
				<passive_effect name="ProjectileVelocity" operation="base_set" value="50"/>
				<passive_effect name="ProjectileStickChance" operation="perc_set" value="0" tags="glass"/>
			</effect_group>
 		</item>		
	</append>	  
</configs>